account_id,customer_id,branch_id,account_type,current_balance
1,499,1,current,3833864.34
2,140,10,current,4288702.35
3,86,4,savings,8660682.81
4,425,7,savings,276682.89
5,502,3,current,4124388.04
6,814,6,current,7152955.74
7,224,10,savings,6992237.35
8,440,4,savings,3785422.56
9,739,9,current,6997175.25
10,727,6,savings,6072778.91
11,238,7,current,8766884.48
12,369,5,savings,7049289.25
13,672,9,savings,7425964.49
14,243,6,current,1170442.68
15,155,5,current,777766.81
16,97,5,current,161068.43
17,769,4,current,7636385.14
18,372,4,savings,1335562.6
19,92,7,savings,1093903.3
20,283,1,current,303401.85
21,735,2,savings,60462.35
22,71,5,savings,679603.74
23,679,9,current,8082223.74
24,14,7,savings,2223048.81
25,192,3,current,7181856.02
26,631,5,current,3513816.66
27,778,1,current,8286016.26
28,317,9,savings,6632973.8
29,195,6,current,7590575.47
30,461,3,current,6449548.44
31,183,9,savings,5559689.58
32,561,6,current,7316304.59
33,177,2,savings,676617.37
34,315,7,current,3117242.87
35,582,6,current,724471.87
36,303,10,current,6305836.4
37,599,9,savings,1354129.88
38,198,5,savings,2044870.09
39,102,2,current,1368375.13
40,44,4,current,5864069.88
41,44,3,savings,2452336.13
42,405,5,current,7821571.68
43,804,6,current,8102191.31
44,703,6,savings,7396821.11
45,771,5,current,9672471.78
46,696,1,current,2643023.48
47,572,4,current,2295013.44
48,629,9,savings,8951829.51
49,61,6,savings,5129304.21
50,449,7,savings,4908213.9
51,444,6,savings,5626559.58
52,521,2,savings,6829109.94
53,678,3,savings,6911044.26
54,288,7,current,4095870.0
55,7,2,savings,2972619.92
56,248,7,savings,8671319.2
57,777,7,current,1848159.61
58,753,10,savings,6139582.11
59,656,6,savings,8886203.04
60,651,5,current,3681346.36
61,365,3,savings,9369784.11
62,42,8,current,8280050.49
63,101,8,current,8493551.74
64,628,4,savings,6617045.29
65,150,6,savings,4814835.43
66,649,9,current,1594271.79
67,232,3,current,3932398.03
68,251,3,savings,2157351.2
69,786,2,current,3007402.67
70,512,9,savings,3656591.81
71,476,2,savings,2019810.06
72,224,6,current,1977968.16
73,363,10,current,3787028.0
74,325,3,savings,9563140.11
75,822,4,savings,1319004.49
76,662,8,savings,9420933.79
77,537,1,savings,7943789.59
78,664,7,savings,2409290.22
79,253,8,savings,8744781.64
80,261,8,current,8229945.83
81,119,1,savings,8648299.11
82,607,1,current,8878117.96
83,556,1,savings,8930358.89
84,515,4,savings,4149717.01
85,643,2,savings,5013143.72
86,785,8,current,7680779.34
87,428,5,current,3502634.93
88,60,4,savings,2919436.34
89,823,10,savings,5631581.46
90,213,5,current,4180928.39
91,713,7,current,4112943.56
92,641,2,savings,3294758.87
93,772,7,current,2978527.08
94,621,7,savings,6484221.21
95,536,8,current,1305116.87
96,361,6,savings,1571815.36
97,597,6,savings,7340540.61
98,209,5,savings,887920.49
99,12,7,current,2160732.65
100,488,2,savings,2393372.3
101,41,8,savings,3133505.07
102,713,4,current,5280026.38
103,207,3,savings,1043911.8
104,182,10,savings,3078791.45
105,367,7,current,3102892.7
106,385,9,current,4046979.36
107,448,3,current,3739815.42
108,648,4,savings,65193.32
109,551,4,current,2409345.17
110,698,2,current,4505530.78
111,419,5,current,9802059.19
112,507,9,savings,8755344.71
113,191,9,current,8092816.06
114,676,6,current,9609364.93
115,200,6,current,1242265.83
116,821,3,current,2830721.32
117,812,9,current,962021.35
118,597,2,current,5153206.28
119,567,1,current,1897127.03
120,655,4,current,2419901.44
121,440,5,savings,9659789.87
122,178,9,current,8677242.71
123,679,8,current,1898055.72
124,629,7,savings,8151504.36
125,244,4,savings,581633.24
126,178,3,current,7962765.64
127,445,3,current,2533609.41
128,571,2,current,6567999.69
129,578,9,savings,9759928.99
130,201,3,savings,6729560.49
131,828,1,savings,8853210.56
132,205,6,savings,2709061.01
133,286,3,savings,1518490.66
134,349,2,current,7683258.11
135,7,8,savings,1846793.97
136,700,5,savings,7008533.59
137,493,9,current,559971.01
138,665,5,current,8206455.74
139,135,3,savings,2581291.25
140,193,8,savings,1998230.89
141,53,1,savings,3757884.67
142,569,4,current,7527257.11
143,507,10,savings,8360821.27
144,666,3,savings,4114191.56
145,552,8,savings,2526893.25
146,676,2,current,4979700.92
147,674,8,savings,4591194.45
148,570,9,savings,7462042.95
149,520,9,current,9186389.93
150,529,6,savings,1228027.79
151,474,2,current,1246826.67
152,80,1,savings,717830.73
153,537,1,savings,7005008.21
154,546,8,savings,1965717.66
155,798,7,savings,257490.97
156,57,6,savings,5928518.46
157,385,3,savings,4605075.32
158,504,9,current,1641336.39
159,822,2,current,4318878.79
160,564,9,current,9957792.31
161,438,1,savings,3174652.38
162,415,1,current,1970797.38
163,278,7,current,1844683.25
164,181,5,savings,2017247.88
165,294,10,savings,4110311.24
166,686,8,current,6876509.53
167,573,5,current,6280226.83
168,123,2,current,9922631.2
169,795,5,savings,5564556.06
170,280,4,savings,3429839.3
171,526,9,current,6958545.64
172,453,4,savings,8067461.78
173,648,6,current,9086629.77
174,409,5,current,8940970.55
175,344,10,savings,1202459.13
176,486,3,current,1014357.55
177,563,3,current,5733263.9
178,707,5,savings,8965163.93
179,673,1,current,1135894.65
180,488,4,savings,7891552.77
181,229,7,current,4756744.7
182,71,4,savings,34782.34
183,368,2,savings,1203825.65
184,710,5,savings,4638879.1
185,573,1,current,6349331.54
186,309,8,savings,4611397.96
187,71,5,current,7054919.0
188,203,9,savings,9533791.72
189,767,8,savings,2104698.44
190,483,4,current,8535765.94
191,815,6,current,7169052.44
192,505,8,savings,7246234.83
193,17,3,savings,395575.38
194,331,1,savings,5379061.45
195,53,8,current,1911882.99
196,433,7,current,4987174.12
197,105,9,savings,6467232.6
198,3,7,current,3814019.06
199,591,6,current,7167911.62
200,398,9,savings,8470509.86
201,421,9,current,4513594.23
202,807,1,current,1496211.66
203,186,1,current,8983345.08
204,793,3,current,8995203.57
205,200,5,savings,9279841.83
206,756,1,savings,1177948.07
207,283,8,savings,7623069.84
208,394,3,current,3509324.01
209,114,10,current,3703410.32
210,224,10,savings,8575928.05
211,713,9,savings,1330390.86
212,609,3,savings,3892593.42
213,275,8,savings,34550.3
214,229,1,savings,6214700.8
215,627,3,savings,6852748.84
216,345,4,savings,181495.93
217,610,6,savings,3234645.9
218,280,1,savings,4434715.1
219,7,1,savings,2097122.87
220,245,8,savings,9203350.58
221,328,4,current,966785.36
222,824,1,current,9975905.5
223,253,5,savings,2087425.82
224,747,4,current,4743766.36
225,816,1,current,2551756.92
226,4,3,current,9211246.66
227,741,6,current,9873547.09
228,249,6,savings,1250842.59
229,21,10,savings,177934.78
230,609,9,current,9323564.74
231,64,6,savings,2465563.61
232,46,1,savings,2013235.62
233,118,6,current,9919699.79
234,525,10,savings,159452.72
235,664,8,current,4721963.42
236,698,10,savings,878099.54
237,216,4,savings,9405394.62
238,681,2,savings,960729.38
239,411,6,savings,4665873.76
240,42,3,savings,8657345.29
241,416,5,savings,7437783.09
242,162,6,current,3537074.37
243,90,6,current,3499662.05
244,456,8,current,9743062.73
245,320,7,current,110282.63
246,626,1,savings,2319277.83
247,600,6,savings,9675895.59
248,482,2,savings,5851312.75
249,225,3,savings,5470791.51
250,546,9,current,8930272.97
251,253,3,savings,8207150.81
252,727,2,savings,647880.58
253,18,10,current,3075437.32
254,314,6,current,488182.48
255,590,4,current,1996064.25
256,27,3,savings,1747093.13
257,489,8,savings,4177444.31
258,336,4,current,7279983.24
259,817,5,current,8654905.04
260,560,10,savings,60231.46
261,712,1,current,7929767.48
262,562,8,current,4252193.2
263,30,1,savings,99201.01
264,652,3,savings,7681214.44
265,28,5,current,5391234.29
266,163,2,current,6558434.71
267,752,9,current,3838708.29
268,377,7,savings,701985.89
269,745,3,savings,761274.06
270,175,6,current,8333470.47
271,821,9,savings,2037622.59
272,605,3,current,4055091.51
273,500,6,savings,4668191.02
274,85,9,current,6717408.33
275,136,2,current,3017954.04
276,299,10,savings,8744122.9
277,348,7,savings,6773655.33
278,218,7,current,9786901.5
279,488,6,savings,2036936.51
280,730,9,savings,3807157.43
281,444,1,current,4710549.3
282,23,1,savings,19054.04
283,150,8,savings,355238.42
284,706,7,savings,6831530.87
285,557,8,savings,9932191.0
286,657,8,savings,2411257.96
287,591,7,current,7033111.36
288,118,8,savings,5608874.38
289,643,2,savings,6187247.57
290,556,1,current,6482531.43
291,810,6,current,333916.04
292,831,1,savings,8223305.74
293,396,2,current,7514275.05
294,518,9,savings,5149467.61
295,118,8,savings,2586280.96
296,225,2,savings,943477.57
297,151,2,savings,8348919.59
298,149,7,savings,7819800.2
299,47,8,current,2952477.94
300,166,8,current,8748862.34
301,353,8,savings,1784731.6
302,497,5,savings,1321827.82
303,290,8,savings,8032431.75
304,420,6,current,9386025.1
305,465,4,current,975901.25
306,125,5,savings,7515925.9
307,384,5,savings,3234625.29
308,218,5,current,707363.37
309,323,9,current,3936645.91
310,347,5,savings,7214954.69
311,64,7,savings,5048435.89
312,141,6,savings,4929831.04
313,123,3,savings,5612574.59
314,774,7,current,8328137.96
315,300,2,current,6914915.42
316,549,3,savings,2725610.78
317,442,4,savings,5198966.2
318,447,4,current,2997224.29
319,162,5,savings,5470161.33
320,439,6,savings,9343629.46
321,564,1,savings,5974994.15
322,307,5,current,7554999.68
323,553,10,current,575947.25
324,809,10,current,8237218.8
325,508,10,current,277435.84
326,699,8,savings,2691342.46
327,825,2,current,2877880.12
328,160,5,current,6507496.2
329,256,7,current,6198806.62
330,344,10,savings,2736865.28
331,802,10,current,8316437.29
332,64,1,current,6226081.8
333,171,7,current,6883192.51
334,466,1,current,6670785.66
335,354,1,current,4770864.99
336,532,1,current,6727276.53
337,287,2,savings,1690182.97
338,51,6,savings,9433639.17
339,181,7,current,193747.64
340,533,6,current,3103196.52
341,713,9,savings,7386363.46
342,313,9,current,9286577.73
343,110,5,savings,6912033.94
344,372,3,savings,6747724.59
345,322,6,savings,2602147.41
346,393,8,current,6999842.98
347,212,1,savings,4133192.59
348,410,3,current,5267493.07
349,247,5,current,1573346.22
350,89,10,savings,6475927.82
351,473,3,savings,8209697.88
352,575,7,savings,598218.11
353,421,5,current,7620462.76
354,754,8,current,2231778.23
355,268,10,savings,5657404.11
356,524,6,current,4484713.54
357,592,1,current,6819382.39
358,395,8,savings,4968898.11
359,334,7,savings,751710.98
360,81,2,current,4851882.6
361,64,9,savings,7927833.59
362,654,10,current,8777717.99
363,342,9,current,7396973.95
364,123,4,savings,2646113.8
365,527,10,current,8500127.18
366,588,10,current,5111464.3
367,699,3,savings,4245203.98
368,403,10,savings,1007785.63
369,389,1,savings,3736696.34
370,813,1,savings,4299095.53
371,238,6,savings,2516828.07
372,591,10,current,3323956.45
373,694,8,savings,3091688.86
374,393,10,savings,6285853.11
375,547,7,current,9026792.53
376,632,1,current,4906694.67
377,236,8,savings,3846748.36
378,113,2,savings,8284041.48
379,688,6,current,4678731.93
380,478,6,current,3655889.29
381,578,8,savings,5319408.9
382,560,6,savings,8243092.78
383,730,9,current,536087.03
384,667,8,savings,7557247.28
385,670,3,savings,4939060.46
386,428,10,savings,8339397.57
387,476,5,current,6743304.84
388,251,8,savings,9268586.27
389,413,7,savings,279307.95
390,667,7,savings,6273656.81
391,83,8,savings,755410.58
392,763,1,current,9788206.97
393,286,10,current,6093761.02
394,677,7,savings,3636163.26
395,253,1,savings,730060.51
396,17,7,savings,7117312.28
397,778,9,savings,1104798.44
398,726,10,current,4538551.75
399,343,2,current,4352649.59
400,131,6,current,7568004.05
401,311,10,current,8529414.14
402,185,1,savings,1087944.46
403,538,5,savings,1049431.58
404,403,3,savings,2604275.29
405,797,9,current,4255281.12
406,172,2,savings,6275326.32
407,256,2,current,4121436.84
408,528,1,savings,5353766.77
409,130,7,current,7038770.89
410,657,9,current,495545.75
411,64,5,savings,7984971.91
412,363,2,current,5543954.19
413,790,7,savings,6851914.56
414,189,10,current,2909169.65
415,660,10,current,2915403.83
416,463,4,current,190397.08
417,116,5,savings,7478433.63
418,302,3,savings,3649421.93
419,17,1,savings,9536377.95
420,573,6,savings,7970168.55
421,32,2,current,3809250.14
422,569,10,current,1561900.13
423,764,8,current,6695691.43
424,558,2,savings,8138038.04
425,441,10,savings,7799502.37
426,301,1,current,4912206.04
427,434,6,savings,8476788.34
428,508,4,current,5689601.26
429,539,9,savings,4677150.97
430,826,9,savings,1637368.51
431,371,7,current,4048407.73
432,405,1,current,5257391.87
433,338,7,savings,1205354.81
434,616,4,current,1645767.81
435,448,1,current,3374772.75
436,705,7,current,8032908.12
437,322,1,savings,1239200.51
438,20,5,savings,6703332.14
439,743,10,current,6944410.87
440,479,2,savings,9597259.47
441,729,3,savings,6753468.87
442,548,6,current,9899267.14
443,752,6,current,6909047.14
444,771,2,savings,8302214.46
445,168,10,current,8270778.97
446,43,1,current,5414308.44
447,627,5,savings,239044.51
448,45,8,savings,3120783.02
449,815,10,current,4272387.43
450,693,4,current,2652773.32
451,515,1,savings,2743964.16
452,223,9,current,2385732.21
453,446,8,savings,3870152.1
454,795,9,current,6767859.09
455,474,7,savings,3659679.59
456,500,2,savings,2869335.85
457,514,10,savings,115115.71
458,248,8,current,1121015.64
459,631,6,current,7090903.14
460,74,4,savings,8500711.72
461,356,4,savings,5496751.46
462,349,7,savings,9970819.54
463,168,7,current,6417216.79
464,70,3,savings,8714678.45
465,39,6,current,9697859.37
466,547,4,savings,7898899.44
467,677,8,current,7885263.09
468,224,7,savings,5996094.87
469,829,9,savings,3361531.65
470,698,9,savings,8819797.23
471,777,9,savings,5528701.57
472,252,4,current,9210470.77
473,9,4,savings,651664.58
474,335,1,savings,6966288.42
475,172,10,current,9471969.19
476,264,5,current,900461.06
477,18,5,current,906531.42
478,742,2,savings,4588218.94
479,445,7,savings,5601279.53
480,134,9,savings,5197156.31
481,659,5,current,6101015.13
482,62,10,current,6497773.01
483,740,7,savings,6266193.24
484,622,10,savings,3287443.78
485,736,9,current,7343026.92
486,360,1,current,1178498.62
487,206,5,current,2641757.91
488,678,8,savings,5140979.01
489,102,1,current,4099532.17
490,722,10,current,8488677.06
491,677,1,savings,9453003.5
492,268,5,savings,8932587.78
493,462,3,current,1854975.95
494,432,10,savings,3663662.7
495,55,5,savings,3733685.91
496,382,1,savings,157458.46
497,120,6,savings,5194614.86
498,587,8,current,4019839.81
499,371,2,savings,8492644.15
500,245,8,savings,9464678.97
501,55,6,savings,9840324.04
502,699,8,current,6042817.22
503,628,4,savings,1616403.34
504,462,10,current,3608755.7
505,656,10,current,8367169.5
506,496,10,current,4623089.5
507,533,10,savings,4554854.05
508,427,1,savings,4894723.25
509,805,8,savings,7127949.02
510,552,3,savings,766733.3
511,433,7,current,5077139.79
512,321,8,current,3913001.15
513,307,6,current,9049250.67
514,490,5,savings,5261582.68
515,463,3,savings,6710538.93
516,518,1,savings,9392115.53
517,386,6,savings,304706.91
518,812,8,savings,5320363.79
519,607,3,savings,4189129.82
520,640,7,savings,4151589.38
521,367,2,savings,1876282.29
522,503,10,current,6511001.19
523,214,10,current,7113843.6
524,442,4,current,9210500.59
525,384,7,current,1620475.28
526,422,9,savings,3912898.25
527,264,8,savings,1514217.92
528,207,1,current,3699592.55
529,343,1,savings,2415966.39
530,47,7,savings,2187583.55
531,724,9,current,9956738.53
532,542,7,savings,6293062.85
533,305,7,current,634786.49
534,51,8,savings,1414261.01
535,707,10,current,3043812.28
536,66,9,current,2573233.54
537,377,10,savings,9441452.54
538,694,3,current,2153858.96
539,55,5,savings,2654564.49
540,260,7,current,4759797.39
541,33,10,savings,6535915.11
542,419,10,savings,3111524.49
543,504,6,current,625321.32
544,151,3,savings,1546642.96
545,249,9,current,4858020.75
546,509,1,current,715077.05
547,243,8,current,2415846.86
548,814,4,current,4893917.78
549,346,5,savings,7308233.67
550,717,1,current,6319666.86
551,488,6,current,5728677.48
552,267,10,savings,4855704.11
553,591,9,current,6956186.25
554,350,6,current,3341178.9
555,138,10,current,3333961.02
556,763,8,savings,5769886.83
557,55,4,current,1727307.16
558,434,4,current,8511245.14
559,447,5,current,4873204.97
560,232,4,current,9906033.12
561,558,3,savings,7599494.4
562,560,6,current,2181500.68
563,427,8,savings,6798285.1
564,103,8,current,786926.94
565,82,6,savings,3243145.1
566,271,8,current,611786.08
567,690,2,current,2562930.15
568,138,7,current,7969177.28
569,204,1,current,1717063.72
570,634,7,savings,6357420.95
571,459,7,current,2772671.7
572,589,4,current,1458978.84
573,135,4,current,7559152.65
574,190,2,savings,2116638.26
575,651,5,savings,6911929.33
576,87,1,savings,6593563.11
577,534,9,current,6224579.91
578,424,5,savings,7584633.55
579,548,2,savings,9216582.13
580,437,4,savings,7117407.61
581,96,4,current,3922507.79
582,562,5,savings,7362653.94
583,358,1,current,7407479.73
584,200,9,current,7424762.04
585,119,2,current,8327749.96
586,338,2,current,1388414.5
587,758,1,current,786780.48
588,181,5,current,3486328.74
589,358,6,savings,4471003.0
590,591,3,current,1595622.93
591,3,6,current,9372505.77
592,471,2,current,5018448.07
593,571,6,current,1748048.93
594,42,6,savings,6954489.9
595,527,1,savings,8839170.78
596,89,7,savings,1082059.32
597,519,5,savings,8163969.7
598,291,4,current,8611351.22
599,568,3,savings,5990155.34
600,748,4,current,4542715.18
601,225,4,current,2063405.31
602,752,8,savings,7583681.26
603,551,8,savings,8965906.81
604,779,1,savings,1635543.84
605,780,7,savings,7146010.74
606,634,1,savings,7705856.0
607,39,7,savings,4029655.51
608,427,8,current,276603.59
609,155,9,savings,1710163.7
610,808,3,current,9229496.51
611,62,1,savings,5140530.09
612,791,7,savings,173085.13
613,646,6,current,253277.37
614,825,4,savings,1989734.42
615,320,8,savings,8804552.24
616,381,3,current,1469052.32
617,488,10,savings,817051.23
618,695,8,current,4606293.79
619,93,2,current,9871311.14
620,23,10,current,7231597.0
621,458,5,savings,5581996.67
622,583,4,current,1159806.3
623,613,3,savings,8734613.02
624,358,8,current,3855615.4
625,70,1,savings,6752491.11
626,711,4,savings,4845637.75
627,16,2,current,3600130.83
628,661,6,savings,6219196.53
629,336,10,current,4104294.01
630,499,7,savings,4274069.47
631,384,1,current,4485361.2
632,403,4,savings,7218197.61
633,194,3,savings,3256185.26
634,802,10,current,6207503.99
635,832,9,savings,6087964.13
636,169,1,current,747491.14
637,171,2,savings,1567868.62
638,802,5,savings,6525499.86
639,15,1,savings,7441335.22
640,559,1,savings,2329863.62
641,161,3,savings,4751832.1
642,23,3,savings,8853798.21
643,104,5,current,38460.98
644,784,4,current,3672829.96
645,295,2,savings,2182121.26
646,371,6,savings,7252712.5
647,178,5,savings,6019418.22
648,442,4,current,1020950.86
649,540,4,savings,2425160.99
650,768,10,savings,9440702.12
651,588,10,savings,7729527.89
652,546,9,savings,1553561.48
653,401,3,savings,7594741.34
654,192,9,savings,383781.81
655,201,9,current,6902110.16
656,68,9,current,1481990.7
657,747,1,savings,3561157.98
658,728,6,savings,5492703.36
659,77,6,savings,656752.18
660,254,1,savings,7612568.53
661,625,6,current,3734194.41
662,135,4,current,786926.39
663,564,9,savings,1279135.39
664,214,5,savings,8780196.73
665,104,4,current,247668.88
666,200,3,savings,974336.27
667,684,4,savings,9881276.58
668,423,3,current,4013879.08
669,734,10,savings,2110574.4
670,287,6,savings,4247607.16
671,309,1,current,7671697.41
672,468,10,savings,4056828.64
673,551,8,savings,6295612.2
674,543,5,savings,79365.87
675,102,7,savings,3693076.92
676,78,1,savings,5455822.12
677,267,2,savings,8547757.55
678,300,2,current,5830229.24
679,40,6,savings,4830823.06
680,62,4,savings,8429518.19
681,407,10,savings,4435354.39
682,282,8,savings,7642098.96
683,600,4,current,7989027.58
684,373,1,savings,6891471.68
685,708,2,savings,177086.44
686,815,1,current,9845479.95
687,690,4,current,3642661.33
688,620,7,savings,3912321.76
689,563,6,current,6100630.31
690,371,7,current,4909810.15
691,183,7,current,2190855.61
692,167,3,savings,4885935.03
693,49,10,current,9333940.3
694,254,6,current,2566531.84
695,92,6,current,4208579.6
696,66,9,current,5770111.4
697,484,5,current,2098120.75
698,198,3,current,8568927.63
699,166,4,savings,4154927.42
700,642,5,savings,4034481.52
701,375,1,savings,2218964.18
702,75,5,current,2103186.78
703,299,3,savings,8230185.25
704,734,9,savings,8081249.09
705,668,3,current,1950809.5
706,381,5,savings,1824095.06
707,704,9,current,9717217.88
708,658,4,current,696483.15
709,672,6,current,808772.87
710,377,10,savings,6826320.65
711,77,8,current,2343722.87
712,238,4,savings,2937719.39
713,84,6,savings,3782255.47
714,242,10,savings,6152794.5
715,495,9,savings,7524696.53
716,396,6,current,1772333.77
717,24,7,savings,7789871.01
718,499,10,current,4510462.81
719,193,10,current,9697277.95
720,259,10,savings,9856869.1
721,625,9,current,7754726.0
722,826,5,current,5948300.68
723,332,10,savings,5404285.72
724,786,3,current,1037212.48
725,267,10,savings,3953262.17
726,158,4,savings,7430240.96
727,83,4,current,6919075.93
728,415,9,savings,4828584.28
729,152,3,current,6761759.01
730,277,7,savings,8931572.28
731,412,6,savings,1905589.46
732,215,7,savings,1478859.14
733,222,3,savings,6462815.53
734,363,4,savings,9305497.62
735,290,4,current,4655598.06
736,76,4,current,292168.95
737,324,10,savings,6421258.1
738,510,3,savings,8503886.69
739,148,3,current,2573921.9
740,503,2,current,8936188.99
741,695,1,savings,6106204.28
742,79,2,current,5519935.42
743,84,4,current,9719846.57
744,441,7,savings,7781204.73
745,327,3,savings,3214847.46
746,251,9,current,6970819.01
747,260,10,current,6360827.2
748,775,10,savings,8127685.82
749,227,7,current,5360876.49
750,567,4,savings,1855360.1
751,165,2,savings,3757139.18
752,129,1,current,3161238.18
753,427,1,savings,1560707.01
754,155,5,current,9647069.77
755,270,3,savings,9801655.23
756,506,10,current,5987437.22
757,349,2,current,7179242.58
758,215,3,current,5070521.22
759,396,3,savings,1145243.39
760,252,8,current,5012780.78
761,826,3,current,106549.36
762,668,3,current,3513298.14
763,386,8,current,1828394.45
764,602,6,savings,6450396.19
765,821,10,current,3201441.41
766,700,1,savings,4825644.76
767,195,4,savings,473380.02
768,415,1,savings,3832980.69
769,708,8,current,4737604.37
770,238,6,current,6410239.56
771,331,6,current,4169897.73
772,819,2,current,5058123.76
773,18,10,current,7284997.09
774,319,10,savings,6407749.31
775,89,6,current,8473981.15
776,727,1,savings,4801970.65
777,501,6,current,8599261.52
778,488,10,current,685233.73
779,230,7,current,7581553.97
780,60,5,current,6088859.34
781,89,9,current,335579.73
782,57,3,current,8605152.43
783,538,4,current,229801.93
784,110,7,savings,5223597.03
785,346,7,savings,8557468.21
786,352,9,current,7491347.65
787,467,2,current,835440.55
788,757,4,current,6857540.01
789,412,7,current,6040072.86
790,488,10,current,9793472.81
791,98,6,current,2802235.3
792,806,7,current,5736628.67
793,728,5,current,962276.14
794,249,5,current,9288430.11
795,173,4,current,7102417.13
796,199,6,current,4350504.81
797,127,9,savings,7842637.24
798,307,1,current,464336.43
799,832,8,savings,1503445.44
800,278,1,savings,9866603.02
801,417,3,savings,1543520.18
802,521,4,current,1014862.98
803,654,10,current,3116910.98
804,506,9,savings,3058984.56
805,248,5,savings,5358783.15
806,640,2,current,5703347.04
807,710,6,savings,7616192.92
808,111,7,savings,1912400.39
809,664,8,current,8259234.2
810,718,10,current,6468240.24
811,719,3,current,11076.98
812,803,8,savings,3720374.45
813,563,4,current,7844007.02
814,689,8,current,3350043.86
815,720,6,current,7336143.28
816,701,10,current,5166761.97
817,390,3,savings,9044647.8
818,781,6,savings,7039407.35
819,780,10,savings,3173040.95
820,149,3,current,9760844.02
821,726,3,savings,134211.8
822,304,6,current,121967.45
823,416,1,current,9114256.24
824,176,6,current,1161811.24
825,263,4,savings,7235479.34
826,127,8,current,6603400.8
827,702,10,current,2715687.8
828,194,4,current,6508954.23
829,117,10,current,5482011.09
830,52,10,current,2350308.51
831,532,5,current,2313781.14
832,376,9,current,2795814.45
833,760,10,current,1086309.47
834,347,2,savings,1911543.99
835,705,5,savings,4077364.47
836,663,6,savings,6287922.0
837,716,10,current,7081611.0
838,772,10,current,724559.55
839,240,3,current,4182552.77
840,159,10,current,6900009.62
841,535,9,savings,1309500.7
842,595,6,savings,9756248.92
843,168,1,savings,3696379.59
844,94,7,savings,6431738.01
845,419,6,savings,5975433.38
846,653,4,current,917316.7
847,314,9,savings,4384208.22
848,559,4,current,2593472.85
849,531,5,savings,4382218.96
850,472,9,savings,8632839.54
851,671,3,savings,6728062.07
852,518,3,current,9529408.18
853,668,10,current,2793942.72
854,3,7,savings,9872484.21
855,54,9,current,3121637.84
856,261,6,current,5200790.63
857,262,3,current,6857914.13
858,329,10,savings,7378859.84
859,485,4,savings,9290505.02
860,447,8,savings,8353445.7
861,156,7,savings,3597786.81
862,185,9,current,449187.96
863,87,5,savings,1064679.48
864,283,2,savings,9548495.29
865,256,8,savings,3900829.59
866,147,8,savings,4539435.9
867,691,8,current,3522941.93
868,785,5,current,1092997.73
869,107,3,savings,5874572.42
870,58,8,savings,4276940.04
871,128,9,current,9552499.89
872,128,6,current,8945722.59
873,719,3,savings,1692339.58
874,503,5,savings,5314836.51
875,158,5,savings,2025062.24
876,482,1,savings,7847623.4
877,775,4,savings,3690940.51
878,751,4,current,5381945.81
879,229,6,current,2566040.18
880,222,10,savings,3367428.03
881,95,1,savings,519359.14
882,95,7,current,1885096.35
883,584,7,savings,9519543.78
884,137,7,current,1618299.52
885,197,2,current,2351052.07
886,263,7,current,4996255.64
887,274,2,savings,549848.0
888,179,7,current,107047.66
889,150,5,savings,4958719.6
890,148,9,current,2961729.06
891,495,4,current,345560.92
892,574,3,savings,7693548.67
893,816,2,savings,1446330.58
894,349,6,savings,8085419.49
895,463,7,current,9081392.46
896,701,1,savings,4469922.25
897,592,7,savings,3294334.58
898,497,5,savings,6757396.79
899,643,1,savings,9940555.13
900,390,6,current,9753189.96
901,705,9,savings,956479.26
902,445,6,current,7135826.64
903,292,2,current,8805891.84
904,407,6,savings,319663.18
905,601,6,current,6560789.65
906,225,3,savings,8127908.19
907,708,10,savings,8367880.67
908,154,3,savings,3322626.2
909,721,10,current,8431890.74
910,528,8,savings,4929837.31
911,229,1,savings,9219373.83
912,717,7,savings,7319407.86
913,695,9,current,9393436.92
914,227,4,savings,7850200.14
915,72,5,savings,2478413.46
916,555,1,current,9064671.01
917,453,1,current,505349.72
918,605,4,current,8848261.11
919,414,5,current,4432317.01
920,203,10,current,2690525.09
921,757,10,current,135599.19
922,433,5,current,839866.53
923,63,10,current,6656503.3
924,441,10,current,7231908.32
925,493,10,current,2965737.29
926,684,3,current,9559380.38
927,259,6,savings,7094587.9
928,286,10,current,103792.45
929,24,2,current,44484.06
930,751,6,current,8323441.79
931,360,2,current,7793504.61
932,258,10,savings,4828538.62
933,324,1,current,4540740.96
934,628,1,savings,4224686.7
935,85,10,current,3276212.28
936,603,1,current,929090.59
937,183,7,savings,4413865.41
938,533,10,current,3341101.69
939,14,3,savings,6551572.16
940,212,10,current,8026531.79
941,295,4,current,5170735.28
942,73,5,current,8375993.58
943,396,7,current,612440.76
944,563,10,current,6823826.23
945,717,9,savings,7798964.51
946,333,9,savings,6037117.75
947,461,3,current,7297869.17
948,660,8,savings,2780760.53
949,411,1,savings,765514.72
950,803,4,savings,4901836.85
951,683,8,current,2634017.93
952,762,3,current,5625445.21
953,424,6,savings,9520823.9
954,385,2,savings,3728578.52
955,255,5,savings,4932465.49
956,708,6,current,7084085.82
957,744,5,current,7979399.73
958,641,4,savings,2854030.33
959,499,3,savings,3422636.42
960,52,7,current,6282495.19
961,795,3,current,8629705.64
962,63,8,savings,6656649.17
963,635,5,current,5722249.53
964,121,3,savings,157933.77
965,590,7,current,7931940.13
966,250,4,current,7937711.63
967,19,5,current,9642829.09
968,65,10,current,3659302.59
969,238,2,current,6876275.06
970,106,7,savings,4270924.29
971,830,2,savings,6182240.18
972,778,9,savings,7912299.85
973,133,2,current,5483224.79
974,318,7,current,7606994.32
975,408,4,savings,3794564.73
976,455,6,savings,3491800.25
977,720,1,current,3313269.75
978,803,8,savings,4513569.33
979,729,2,savings,2494725.0
980,9,2,savings,5838097.93
981,664,4,current,2033590.85
982,684,6,savings,4024598.08
983,660,4,current,777409.73
984,628,2,savings,5211815.63
985,260,4,savings,7681836.19
986,609,10,savings,662130.69
987,261,1,current,8840922.82
988,51,3,current,1310762.9
989,84,9,savings,5682990.57
990,277,9,savings,960618.76
991,140,6,savings,8177686.84
992,714,6,current,4320209.14
993,273,7,current,312404.18
994,612,9,current,8869789.75
995,792,6,current,8723730.65
996,5,7,current,4944749.87
997,478,7,savings,4807583.32
998,429,4,savings,6870858.96
999,244,3,current,3064071.13
1000,173,2,savings,1718289.32,
1001,76,4,savings,584376.70
